date,section_group,n_transcript_sentences,n_minutes_sentences,semantic_recall,semantic_precision
19950201,ECON,638,121,0.45091447,0.58508396
19950328,ECON,536,117,0.45184958,0.57977706
19950523,ECON,591,113,0.44828686,0.5754749
19950706,ECON,716,121,0.44809082,0.5836077
19950822,ECON,657,109,0.4311427,0.568041
19950926,ECON,738,106,0.42070988,0.57861423
19951115,ECON,779,96,0.42798337,0.56150174
19951219,ECON,610,112,0.45495665,0.58025235
19960131,ECON,608,122,0.46663475,0.5765804
19960326,ECON,505,107,0.4607117,0.5686714
19960521,ECON,658,99,0.45199233,0.57795876
19960703,ECON,1560,93,0.41269445,0.57546884
19960820,ECON,692,78,0.449415,0.5717919
19960924,ECON,579,106,0.47639203,0.5791034
19961113,ECON,647,106,0.4525782,0.58424354
19961217,ECON,536,106,0.4552806,0.5645625
19970205,ECON,657,103,0.4659009,0.57946295
19970325,ECON,577,106,0.4696102,0.59746194
19970520,ECON,624,100,0.46373376,0.58578575
19970702,ECON,897,110,0.43578795,0.5907683
19970819,ECON,603,104,0.46742138,0.58718354
19970930,ECON,757,94,0.45575222,0.59241337
19971112,ECON,871,88,0.44962505,0.6044334
19971216,ECON,769,88,0.43738976,0.5822878
19980204,ECON,921,114,0.48303005,0.59429616
19980331,ECON,872,90,0.45065448,0.5956866
19980519,ECON,990,100,0.4533271,0.59379745
19980701,ECON,1618,112,0.44994673,0.6201259
19980818,ECON,836,108,0.45671532,0.590939
19980929,ECON,764,109,0.46515915,0.6021994
19981117,ECON,668,125,0.4634163,0.59171927
19981222,ECON,646,98,0.4535374,0.586968
19990203,ECON,981,108,0.44848278,0.58839667
19990330,ECON,739,110,0.46580276,0.5965787
19990518,ECON,743,106,0.4457581,0.57740265
19990630,ECON,910,103,0.45161322,0.6118984
19990824,ECON,621,104,0.4643308,0.5832647
19991005,ECON,730,103,0.4657195,0.60285777
19991116,ECON,668,110,0.46486276,0.5761508
19991221,ECON,599,100,0.44193488,0.56965554
20000202,ECON,989,100,0.4458675,0.5970107
20000321,ECON,690,93,0.44484484,0.5922147
20000516,ECON,832,99,0.45075193,0.5829589
20000628,ECON,363,102,0.457728,0.55640876
20000822,ECON,724,113,0.4781018,0.6048615
20001003,ECON,736,92,0.46842313,0.6014706
20001115,ECON,870,113,0.48771176,0.62059885
20001219,ECON,822,109,0.4693817,0.6025424
20010131,ECON,1055,120,0.46373302,0.618122
20010320,ECON,969,108,0.45509422,0.603687
20010515,ECON,965,114,0.47176543,0.61596453
20010627,ECON,1955,112,0.44215995,0.61387193
20010821,ECON,855,110,0.47333038,0.61222506
20011002,ECON,863,119,0.462157,0.5946286
20011106,ECON,948,100,0.4596753,0.60622215
20011211,ECON,910,108,0.46639216,0.60362774
20020130,ECON,1097,114,0.4568468,0.60959184
20020319,ECON,804,113,0.47165135,0.5938798
20020507,ECON,836,106,0.45664802,0.5949892
20020626,ECON,955,107,0.4608543,0.596769
20020813,ECON,876,104,0.45122582,0.59499717
20020924,ECON,955,91,0.44787633,0.6139486
20021106,ECON,1069,101,0.4477037,0.6076139
20021210,ECON,948,94,0.4456385,0.5948903
20030129,ECON,1215,103,0.4477583,0.6056274
20030318,ECON,944,100,0.45574653,0.5826761
20030506,ECON,961,109,0.4513612,0.5852315
20030625,ECON,1046,108,0.46170503,0.60076016
20030812,ECON,1336,102,0.42947182,0.6091325
20030916,ECON,929,111,0.47279888,0.6029617
20031028,ECON,950,101,0.45913243,0.5994607
20031209,ECON,1169,103,0.459857,0.6086449
20040128,ECON,1147,124,0.47037694,0.61185867
20040316,ECON,953,113,0.45881346,0.59340155
20040504,ECON,886,131,0.48211202,0.5939165
20040630,ECON,1252,112,0.46905282,0.6239293
20040810,ECON,842,111,0.46797577,0.5926824
20040921,ECON,932,117,0.44242007,0.59227884
20041110,ECON,906,92,0.46534124,0.607245
20041214,ECON,1258,96,0.43046018,0.6172051
20050202,ECON,947,97,0.47155613,0.6066683
20050322,ECON,971,124,0.47498482,0.6128405
20050503,ECON,971,108,0.47198796,0.6123213
20050630,ECON,1301,109,0.44834784,0.6101669
20050809,ECON,1196,96,0.43271396,0.6097338
20050920,ECON,1051,100,0.4715812,0.5907111
20051101,ECON,1033,108,0.442925,0.59748304
20051213,ECON,1294,94,0.41663983,0.6077309
20060131,ECON,802,101,0.4593643,0.61041564
20060328,ECON,1346,126,0.4480124,0.6095628
20060510,ECON,1043,136,0.47624856,0.6130432
20060629,ECON,1285,112,0.4666865,0.6155619
20060808,ECON,1061,107,0.4811486,0.6250316
20060920,ECON,1218,122,0.46960664,0.5980239
20061025,ECON,1078,129,0.47560865,0.60894895
20061212,ECON,1697,122,0.44848302,0.627871
20070131,ECON,1315,137,0.4771334,0.62899035
20070321,ECON,967,121,0.48239937,0.6109349
20070509,ECON,1011,128,0.47844633,0.60545015
20070628,ECON,1207,122,0.47420105,0.6152039
20070807,ECON,998,128,0.47304076,0.604995
20070918,ECON,1213,167,0.46718296,0.6133675
20071031,ECON,1145,147,0.48006713,0.6168191
20071211,ECON,1166,163,0.48971233,0.611886
20080130,ECON,1344,164,0.47326323,0.62281245
20080318,ECON,1075,160,0.47960484,0.6109585
20080430,ECON,1164,174,0.4928203,0.61936015
20080625,ECON,1426,158,0.4781068,0.61641306
20080805,ECON,1335,134,0.46465078,0.61161464
20080916,ECON,135,146,0.4549987,0.5070106
20081029,ECON,1669,205,0.44115618,0.60474783
20081216,ECON,943,210,0.46507713,0.6024634
20090128,ECON,1318,172,0.45769504,0.6046137
20090318,ECON,884,161,0.45903623,0.586745
20090429,ECON,1205,165,0.4541507,0.6013754
20090624,ECON,692,193,0.4878278,0.58247185
20090812,ECON,1029,187,0.48163027,0.6011493
20090923,ECON,1106,183,0.4788705,0.6018492
20091104,ECON,1061,169,0.4823153,0.6024072
20091216,ECON,898,205,0.49753052,0.6035552
20100127,ECON,108,159,0.49107382,0.51124007
20100316,ECON,768,149,0.47437468,0.5938678
20100428,ECON,1164,155,0.4709846,0.60360783
20100623,ECON,1097,183,0.47308165,0.6016569
20100810,ECON,1071,182,0.47768244,0.5976606
20100921,ECON,923,163,0.4559221,0.57639956
20101103,ECON,1125,171,0.46831566,0.58632255
20101214,ECON,879,182,0.497676,0.5962969
20110126,ECON,2404,199,0.4153231,0.616326
20110315,ECON,1993,175,0.4241158,0.6098704
20110427,ECON,1834,160,0.43981162,0.6182294
20110622,ECON,2208,158,0.42346787,0.59985936
20110809,ECON,1868,158,0.42375714,0.6097787
20110921,ECON,2194,164,0.41742545,0.604571
20111102,ECON,1799,165,0.44115174,0.6161492
20111213,ECON,2268,152,0.4079598,0.59960425
20120125,ECON,1478,165,0.4603836,0.6178995
20120313,ECON,1085,149,0.4805196,0.61558133
20120425,ECON,1360,156,0.4519525,0.6115718
20120620,ECON,1611,173,0.45408338,0.6031323
20120801,ECON,1414,158,0.44367993,0.5849933
20120913,ECON,1526,185,0.44792813,0.60070485
20121024,ECON,949,162,0.46904996,0.5911185
20121212,ECON,1326,180,0.46348062,0.59716755
20130130,ECON,1282,160,0.46384797,0.59827656
20130320,ECON,2999,144,0.4249559,0.6027445
20130501,ECON,1286,145,0.46002036,0.6096556
20130619,ECON,1465,187,0.4740311,0.619571
20130731,ECON,1006,152,0.4801896,0.59205055
20130918,ECON,1504,160,0.46701306,0.62808776
20131030,ECON,2149,152,0.45257157,0.62416893
20131218,ECON,1405,175,0.47349128,0.6190336
20140129,ECON,1187,144,0.44751048,0.5984968
20140319,ECON,1067,166,0.45832998,0.59142745
20140430,ECON,1017,141,0.44268516,0.588702
20140618,ECON,1205,166,0.46506494,0.5994582
20140730,ECON,1263,152,0.4434022,0.60167885
20140917,ECON,1210,163,0.46704897,0.6137095
20141029,ECON,1252,154,0.45821452,0.60196704
20141217,ECON,1344,146,0.4778875,0.6207117
20150128,ECON,2432,182,0.4422144,0.6236052
20150318,ECON,1102,144,0.48343146,0.58792573
20150429,ECON,1144,166,0.48160505,0.61488646
20150617,ECON,1176,167,0.4890449,0.6039583
20150729,ECON,1235,164,0.47518405,0.63432586
20150917,ECON,1110,162,0.48755676,0.6133451
20151028,ECON,1375,171,0.47256374,0.6112079
20151216,ECON,1224,173,0.4954656,0.6268432
20160127,ECON,1252,183,0.4647366,0.6291466
20160316,ECON,1362,184,0.48617002,0.63104767
20160427,ECON,1268,213,0.4810637,0.62246424
20160615,ECON,1402,189,0.4843316,0.61439955
20160727,ECON,1262,222,0.4872379,0.6199849
20160921,ECON,1225,185,0.48682576,0.60864604
20161102,ECON,1172,188,0.46244678,0.5968184
20161214,ECON,1295,201,0.4794263,0.599891
20170201,ECON,1193,196,0.45885426,0.61405355
20170315,ECON,946,184,0.5018363,0.6242351
20170503,ECON,1002,192,0.4956268,0.62901765
20170614,ECON,1046,188,0.49448764,0.6164184
20170726,ECON,1100,188,0.4969519,0.61770964
20170920,ECON,1030,203,0.49141383,0.61472464
20171101,ECON,1120,188,0.48438025,0.6215872
20171213,ECON,1264,166,0.47693425,0.615689
20180131,ECON,1327,161,0.45961046,0.62102455
20180321,ECON,1183,166,0.47985333,0.60429734
20180502,ECON,1116,186,0.49116653,0.6111238
20180613,ECON,1023,153,0.484212,0.62178147
20180801,ECON,1085,190,0.49927533,0.6175645
20180926,ECON,952,161,0.49575946,0.6093617
20181108,ECON,1195,184,0.49222133,0.6093493
20181219,ECON,1207,186,0.48046005,0.60926944
20190130,ECON,1060,189,0.4934116,0.6109083
20190320,ECON,876,179,0.5072087,0.6068912
20190501,ECON,1127,169,0.47870985,0.60733867
20190619,ECON,1146,175,0.49010777,0.61550194
20190731,ECON,1315,203,0.4970476,0.63172054
20190918,ECON,1058,205,0.50034165,0.61977667
20191030,ECON,1119,196,0.49150363,0.6157311
20191211,ECON,1008,160,0.48823768,0.60507214
20200129,ECON,1251,177,0.4907007,0.6213714
19950201,POLICY,970,30,0.33904,0.60298103
19950328,POLICY,332,22,0.40649685,0.63114226
19950523,POLICY,172,13,0.34408522,0.6015211
19950706,POLICY,425,32,0.4030527,0.59165
19950822,POLICY,192,10,0.32816875,0.62385833
19950926,POLICY,480,16,0.34667042,0.62884915
19951115,POLICY,243,28,0.40237695,0.58056206
19951219,POLICY,497,20,0.36872125,0.6174788
19960131,POLICY,328,19,0.38155708,0.60688204
19960326,POLICY,151,11,0.3243666,0.6297247
19960521,POLICY,502,18,0.39325488,0.6549694
19960703,POLICY,832,29,0.35145694,0.61692226
19960820,POLICY,233,20,0.40940195,0.6273599
19960924,POLICY,691,19,0.3242543,0.57210296
19961113,POLICY,244,12,0.38546342,0.68087906
19961217,POLICY,177,12,0.3321014,0.59844035
19970205,POLICY,337,14,0.364364,0.6483258
19970325,POLICY,300,20,0.38542414,0.64326274
19970520,POLICY,336,21,0.4000752,0.6244186
19970702,POLICY,508,17,0.35496417,0.62279844
19970819,POLICY,301,20,0.3677979,0.62022525
19970930,POLICY,315,20,0.38323054,0.6183195
19971112,POLICY,216,26,0.42498553,0.5615888
19971216,POLICY,345,25,0.41741076,0.62619877
19980204,POLICY,323,18,0.39263946,0.6141654
19980331,POLICY,382,21,0.40838388,0.63861954
19980519,POLICY,382,27,0.41610903,0.6180509
19980701,POLICY,565,4,0.2602095,0.529269
19980818,POLICY,233,27,0.43338293,0.59722877
19980929,POLICY,684,22,0.38294482,0.6669275
19981117,POLICY,247,24,0.42848295,0.6299884
19981222,POLICY,500,18,0.36159497,0.5815737
19990203,POLICY,683,12,0.3530505,0.58639127
19990330,POLICY,325,18,0.41207328,0.6035649
19990518,POLICY,320,14,0.42353076,0.653655
19990630,POLICY,835,24,0.39421526,0.6251711
19990824,POLICY,327,14,0.38078067,0.60854393
19991005,POLICY,648,16,0.3621848,0.6241684
19991116,POLICY,734,14,0.35475314,0.6482044
19991221,POLICY,767,14,0.34930906,0.6193538
20000202,POLICY,581,24,0.38800243,0.5819423
20000321,POLICY,266,11,0.37917843,0.6216112
20000516,POLICY,322,17,0.40106058,0.55742145
20000628,POLICY,809,11,0.35780606,0.58885044
20000822,POLICY,302,10,0.3982721,0.63177747
20001003,POLICY,322,9,0.32634,0.59629107
20001115,POLICY,345,15,0.41999313,0.6449722
20001219,POLICY,302,16,0.38823608,0.61991686
20010131,POLICY,293,11,0.36147255,0.59785193
20010320,POLICY,425,16,0.3793117,0.60523635
20010515,POLICY,414,18,0.39570257,0.6216605
20010627,POLICY,409,22,0.4072146,0.6068499
20010821,POLICY,331,15,0.38448557,0.56596065
20011002,POLICY,176,10,0.35702398,0.62821597
20011106,POLICY,477,19,0.36182857,0.60333395
20011211,POLICY,455,19,0.38620016,0.6004221
20020130,POLICY,577,13,0.3323655,0.6158367
20020319,POLICY,471,13,0.3477581,0.6034856
20020507,POLICY,223,9,0.35402533,0.5780914
20020626,POLICY,357,14,0.32937455,0.59466803
20020813,POLICY,331,9,0.36559105,0.60026664
20020924,POLICY,480,17,0.35730183,0.56061864
20021106,POLICY,556,17,0.36702055,0.6177805
20021210,POLICY,129,8,0.32773265,0.5509956
20030129,POLICY,164,8,0.33038116,0.50376415
20030318,POLICY,314,11,0.32505962,0.5580747
20030506,POLICY,529,20,0.3565821,0.5333563
20030625,POLICY,459,27,0.3922439,0.599294
20030812,POLICY,84,13,0.26180807,0.45521134
20030916,POLICY,342,15,0.37202373,0.62005323
20031028,POLICY,648,12,0.30614144,0.61436194
20031209,POLICY,572,17,0.3559462,0.5860219
20040128,POLICY,424,11,0.3329851,0.58948314
20040316,POLICY,313,16,0.38423032,0.59460795
20040504,POLICY,459,17,0.3626727,0.61994135
20040630,POLICY,233,13,0.35188589,0.5594777
20040810,POLICY,384,11,0.3276576,0.6422435
20040921,POLICY,178,13,0.342663,0.57887834
20041110,POLICY,326,13,0.36544225,0.5661316
20041214,POLICY,194,11,0.27263185,0.47526324
20050202,POLICY,234,9,0.32656932,0.6011546
20050322,POLICY,479,17,0.37194735,0.63256204
20050503,POLICY,490,15,0.3522912,0.5860456
20050630,POLICY,183,14,0.3661776,0.5675549
20050920,POLICY,283,12,0.34394282,0.5881719
20051101,POLICY,358,16,0.36717865,0.59083444
20060131,POLICY,182,9,0.3232752,0.56883866
20060328,POLICY,810,18,0.382558,0.6517243
20060510,POLICY,529,12,0.3175124,0.51019126
20060629,POLICY,750,10,0.3545949,0.5909262
20060808,POLICY,1054,14,0.33442044,0.60629225
20060920,POLICY,380,14,0.38819066,0.61024207
20061025,POLICY,1654,11,0.3286122,0.61378855
20070131,POLICY,1947,12,0.31602976,0.605968
20070321,POLICY,1684,10,0.3149578,0.6448564
20070509,POLICY,563,9,0.32339147,0.63340014
20070628,POLICY,1897,23,0.29686555,0.6086845
20070807,POLICY,452,14,0.37224302,0.6186344
20070918,POLICY,1148,14,0.32795462,0.6126741
20071031,POLICY,912,22,0.3902092,0.6247149
20071211,POLICY,532,35,0.40816984,0.5515447
20080130,POLICY,1458,21,0.35101393,0.64292
20080318,POLICY,532,23,0.37109387,0.62178916
20080430,POLICY,1672,23,0.36403692,0.6292242
20080625,POLICY,1688,19,0.3200748,0.5944172
20080805,POLICY,421,13,0.36806569,0.5460044
20080916,POLICY,968,9,0.3408459,0.6297838
20081029,POLICY,667,9,0.33806503,0.6012212
20081216,POLICY,1236,22,0.36695623,0.68527246
20090128,POLICY,766,17,0.34090638,0.64374423
20090318,POLICY,803,15,0.31806472,0.62082773
20090429,POLICY,875,7,0.30803272,0.6781478
20090624,POLICY,515,8,0.3133645,0.6155493
20090812,POLICY,516,8,0.31605938,0.655359
20090923,POLICY,748,13,0.3188354,0.6140006
20091104,POLICY,807,16,0.3468196,0.60804594
20091216,POLICY,1246,14,0.3272848,0.6573725
20100127,POLICY,658,22,0.35920623,0.6656172
20100316,POLICY,544,16,0.35319966,0.6146826
20100428,POLICY,494,13,0.3605137,0.61362267
20100623,POLICY,599,12,0.33870405,0.6228345
20100810,POLICY,810,24,0.3799433,0.6466449
20100921,POLICY,762,18,0.36373538,0.5961339
20101103,POLICY,1426,17,0.34723356,0.63393795
20101214,POLICY,482,18,0.3749476,0.5969506
20120125,POLICY,1153,22,0.36627772,0.6469646
20120313,POLICY,1415,20,0.35111195,0.6344384
20120425,POLICY,938,29,0.3734756,0.6429164
20120620,POLICY,936,32,0.36755863,0.61913943
20120801,POLICY,1654,24,0.35646906,0.6042551
20120913,POLICY,1675,21,0.34589702,0.6434411
20121024,POLICY,1333,16,0.32331994,0.6058212
20121212,POLICY,1294,26,0.40130073,0.6576078
20130130,POLICY,1714,19,0.3337822,0.64402544
20130320,POLICY,922,20,0.35347438,0.6239883
20130501,POLICY,1657,17,0.33382186,0.6080206
20130619,POLICY,1069,26,0.3537625,0.6179168
20130731,POLICY,1434,24,0.36428028,0.6527865
20130918,POLICY,1073,25,0.36837795,0.6722071
20131030,POLICY,637,24,0.37583214,0.57811385
20131218,POLICY,1013,29,0.37807274,0.637171
20140129,POLICY,682,22,0.35779002,0.6373157
20140319,POLICY,851,30,0.3656122,0.62619275
20140430,POLICY,392,15,0.30976242,0.60629684
20140618,POLICY,581,18,0.33100745,0.60717416
20140730,POLICY,756,22,0.35556448,0.6229843
20140917,POLICY,810,24,0.34557873,0.65692955
20141029,POLICY,1290,26,0.36874142,0.648214
20141217,POLICY,871,28,0.3633317,0.616814
20150128,POLICY,392,21,0.31073534,0.58884144
20150318,POLICY,647,22,0.3533119,0.60032266
20150429,POLICY,728,24,0.3435372,0.62407917
20150617,POLICY,923,32,0.35192302,0.6370162
20150729,POLICY,635,30,0.39000475,0.63952816
20150917,POLICY,916,33,0.39541703,0.63934195
20151028,POLICY,1027,34,0.34609303,0.6275983
20151216,POLICY,631,32,0.40101227,0.6421503
20160127,POLICY,1056,18,0.32393548,0.6107657
20160316,POLICY,657,26,0.37056717,0.611617
20160427,POLICY,404,28,0.3857384,0.58471256
20160615,POLICY,727,32,0.37331122,0.59321845
20160727,POLICY,621,38,0.39347732,0.5903074
20160921,POLICY,754,36,0.40074655,0.6211221
20161102,POLICY,420,27,0.384303,0.6014629
20161214,POLICY,566,25,0.37421337,0.6064842
20170201,POLICY,445,24,0.36500144,0.6073541
20170315,POLICY,759,34,0.38206938,0.6314334
20170503,POLICY,1094,23,0.3618454,0.64051485
20170614,POLICY,697,24,0.37215143,0.6186593
20170726,POLICY,460,20,0.37603682,0.59370553
20170920,POLICY,678,20,0.34558007,0.6144182
20171101,POLICY,601,23,0.3930747,0.6057879
20171213,POLICY,490,20,0.38479444,0.6069894
20180131,POLICY,783,23,0.34514764,0.6476506
20180321,POLICY,484,22,0.38236773,0.6377216
20180502,POLICY,609,20,0.3741692,0.6203526
20180613,POLICY,623,17,0.3613066,0.6251129
20180801,POLICY,510,13,0.34538653,0.6027167
20180926,POLICY,475,14,0.38258415,0.6073145
20181108,POLICY,494,14,0.35736337,0.61485827
20181219,POLICY,659,14,0.3383332,0.6017694
20190130,POLICY,553,18,0.36475056,0.6039692
20190320,POLICY,701,18,0.3306838,0.6178193
20190501,POLICY,519,18,0.36116996,0.6406468
20190619,POLICY,520,13,0.3671755,0.6026786
20190731,POLICY,894,19,0.3647011,0.6796199
20190918,POLICY,682,19,0.36407286,0.6063266
20191030,POLICY,383,17,0.37559482,0.62301856
20191211,POLICY,594,16,0.37579894,0.6465892
20200129,POLICY,434,12,0.33663708,0.5929779
